<?xml version="1.0" encoding="UTF-8"?>
<beans xmlns="http://www.springframework.org/schema/beans"
    xmlns:xsi="http://www.w3.org/2001/XMLSchema-instance"
    xmlns:mybatis-spring="http://mybatis.org/schema/mybatis-spring"
    xsi:schemaLocation="http://mybatis.org/schema/mybatis-spring http://mybatis.org/schema/mybatis-spring-1.2.xsd
        http://www.springframework.org/schema/beans https://www.springframework.org/schema/beans/spring-beans.xsd">
    
    <!-- Root Context: defines shared resources visible to all other web components -->
    <!-- mysql -->
    <bean id="dataSource" class="org.springframework.jdbc.datasource.DriverManagerDataSource">
        <property name="driverClassName" value="oracle.jdbc.driver.OracleDriver" />
        <property name="url" value="jdbc:oracle:thin:@192.168.0.42:1521:xe" />
        <property name="username" value="gta" />
        <property name="password" value="gta" />
    </bean>

    <!-- Mybatis 관련 설정파일 및 Dao 객체와 매핑되는 쿼리문(.xml)들의 경로를 알려준다. -->
    <bean id="sqlSessionFactory" class="org.mybatis.spring.SqlSessionFactoryBean">
        <property name="dataSource" ref="dataSource" />
        <property name="mapperLocations" value="classpath*:mybatis/mapper/*.xml" />
        <property name="configLocation" value="classpath:/mybatis/mybatis-config.xml" />
    </bean>

    <!-- SqlSessionTemplate 빈 추가 -->
    <bean id="sqlSessionTemplate" class="org.mybatis.spring.SqlSessionTemplate">
        <constructor-arg ref="sqlSessionFactory" />
    </bean>

    <!-- @Mapper 어노테이션이 붙은 Dao 객체를 스캔할 수 있도록 함 -->
    <mybatis-spring:scan base-package="com.spring.gta" annotation="org.apache.ibatis.annotations.Mapper" />

    <!-- 추가된 부분: typeAliases 설정 -->
    <bean id="typeAliases" class="org.mybatis.spring.mapper.MapperScannerConfigurer">
        <property name="basePackage" value="com.spring.gta.control.vo" />
    </bean>
</beans>
